id,title,genre_category,prompt,source_id,source_url,license_status,collection_mode,language,tags
P0001,Modern Pop Anthem (Female Vocals),pop_and_modern,"Infectious pop anthem, female powerhouse vocals with layered harmonies, pulsing 808 bass, synth-wave layers, euphoric build-ups, radio-ready polish, modern production, vocal chops, stadium-ready energy, BPM: 128, Key: C Major",SRC003,https://github.com/naqashmunir21/awesome-suno-prompts,safe_cc0,exact_cc0,en,"anthem,female,modern,pop,vocals"
P0002,Festival Pop Banger,pop_and_modern,"Massive drop-ready pop, EDM-influenced production, soaring vocal hooks, hands-in-the-air moments, festival main stage energy, crisp high-end, sub-bass that punches, BPM: 130, Key: A Minor",SRC003,https://github.com/naqashmunir21/awesome-suno-prompts,safe_cc0,exact_cc0,en,"banger,festival,pop"
P0003,K-Pop Inspired Dance Track,pop_and_modern,"High-energy K-pop production, rap verses + melodic chorus, layered synths, trap-influenced beats, intricate vocal runs, polished perfection, dynamic structure, addictive hooks, BPM: 140, Key: F Minor",SRC003,https://github.com/naqashmunir21/awesome-suno-prompts,safe_cc0,exact_cc0,en,"dance,inspired,k,pop,track"
P0004,Retro 80s Dance Pop,pop_and_modern,"80s synth-pop revival, gated reverb on snare, analog synth leads, retro drum machines, nostalgic vibes, catchy chorus, uplifting mood, modern production polish, BPM: 118, Key: E♭ Major",SRC003,https://github.com/naqashmunir21/awesome-suno-prompts,safe_cc0,exact_cc0,en,"80s,dance,pop,retro"
P0005,Latin Pop Fusion,latin,"Reggaeton-influenced pop, Spanish guitar accents, tropical percussion, bilingual lyrics vibe, catchy dembow rhythm, pop vocals with Latin flair, summer heat energy, BPM: 95, Key: A Minor",SRC003,https://github.com/naqashmunir21/awesome-suno-prompts,safe_cc0,exact_cc0,en,"fusion,latin,pop"
P0006,Piano-Driven Power Ballad,pop_and_modern,"Piano-driven emotional ballad, raw vulnerable vocals, builds from intimate verse to soaring chorus, subtle string arrangements, modern radio production, reverb on vocals, stripped-down bridge, powerful final chorus, BPM: 72, Key: G Major",SRC003,https://github.com/naqashmunir21/awesome-suno-prompts,safe_cc0,exact_cc0,en,"ballad,driven,piano,power"
P0007,Orchestral Pop Ballad,cinematic_orchestral,"Cinematic pop ballad, full orchestral arrangement, sweeping strings, powerful vocals, emotional build, Hollywood production, dramatic key change, epic final chorus, BPM: 68, Key: D Major",SRC003,https://github.com/naqashmunir21/awesome-suno-prompts,safe_cc0,exact_cc0,en,"ballad,orchestral,pop"
P0008,Acoustic Intimate Ballad,folk_acoustic,"Stripped-down acoustic ballad, fingerpicked guitar, intimate whispered vocals, minimal production, authentic emotion, subtle string swells, bedroom recording vibe, BPM: 60, Key: C Major",SRC003,https://github.com/naqashmunir21/awesome-suno-prompts,safe_cc0,exact_cc0,en,"acoustic,ballad,intimate"
P0009,Gospel-Influenced Soul Ballad,rnb_soul_gospel,"Soul-stirring gospel-pop, powerful vocal runs, church organ, handclaps, choir backing vocals, emotional crescendo, uplifting message, modern R&B production, BPM: 75, Key: B♭ Major",SRC003,https://github.com/naqashmunir21/awesome-suno-prompts,safe_cc0,exact_cc0,en,"ballad,gospel,influenced,soul"
P0010,Bedroom Pop Dreamy,pop_and_modern,"Lo-fi bedroom pop aesthetic, dreamy vocals with subtle reverb, jangly indie guitars, vintage synth pads, tape saturation warmth, DIY production charm, imperfect and intimate, nostalgic atmosphere, BPM: 105, Key: E♭ Major",SRC003,https://github.com/naqashmunir21/awesome-suno-prompts,safe_cc0,exact_cc0,en,"bedroom,dreamy,pop"
P0011,Uplifting Indie Pop,pop_and_modern,"Feel-good indie pop, joyful melodies, handclaps and group vocals, organic instrumentation, positive energy, summery vibes, authentic production, catchy without being overproduced, BPM: 120, Key: C Major",SRC003,https://github.com/naqashmunir21/awesome-suno-prompts,safe_cc0,exact_cc0,en,"indie,pop,uplifting"
P0012,Melancholic Indie Pop,pop_and_modern,"Bittersweet indie pop, wistful vocals, minor key melancholy, reverb-drenched guitars, subtle synth textures, introspective mood, authentic emotional depth, lo-fi production touches, BPM: 90, Key: A Minor",SRC003,https://github.com/naqashmunir21/awesome-suno-prompts,safe_cc0,exact_cc0,en,"indie,melancholic,pop"
P0013,Dark Synth-Pop,pop_and_modern,"Dark moody synth-pop, pulsing bass synth, atmospheric pads, haunting vocals, minor key tension, cold digital production, BPM: 115, Key: D Minor",SRC003,https://github.com/naqashmunir21/awesome-suno-prompts,safe_cc0,exact_cc0,en,"dark,pop,synth"
P0014,Bright Synth-Pop,pop_and_modern,"Uplifting synth-pop, bright major key melodies, sparkling arpeggiated synths, optimistic vocals, 80s nostalgia with modern production, feel-good energy, radio-friendly, BPM: 124, Key: F Major",SRC003,https://github.com/naqashmunir21/awesome-suno-prompts,safe_cc0,exact_cc0,en,"bright,pop,synth"
P0015,Chillwave Synth-Pop,ambient_chill,"Chillwave aesthetics, hazy dream-pop synths, washed-out vocals with heavy reverb, nostalgic summer vibes, relaxed tempo, lo-fi production touches, BPM: 100, Key: G Major",SRC003,https://github.com/naqashmunir21/awesome-suno-prompts,safe_cc0,exact_cc0,en,"chillwave,pop,synth"
P0016,Bubblegum Pop,pop_and_modern,"Ultra-catchy teen pop, bubblegum melodies, bright shiny production, youthful energy vocals, simple but effective hooks, colorful sound palette, maximum radio-friendliness, BPM: 125, Key: C Major",SRC003,https://github.com/naqashmunir21/awesome-suno-prompts,safe_cc0,exact_cc0,en,"bubblegum,pop"
P0017,Pop-Punk Teen Anthem,rock_and_punk,"Pop-punk energy, distorted power chords + catchy pop hooks, rebellious teen vocals, driving drums, mall-punk nostalgia, emotional but upbeat, 2000s throwback vibes, BPM: 150, Key: E Major",SRC003,https://github.com/naqashmunir21/awesome-suno-prompts,safe_cc0,exact_cc0,en,"anthem,pop,punk,teen"
P0018,Radio-Friendly AC Pop,pop_and_modern,"Adult contemporary polish, mature sophisticated vocals, balanced instrumentation, radio-perfect mix, broad appeal production, relatable lyrics vibe, neither too young nor too old, BPM: 110, Key: G Major",SRC003,https://github.com/naqashmunir21/awesome-suno-prompts,safe_cc0,exact_cc0,en,"ac,friendly,pop,radio"
P0019,Coffee Shop Pop,folk_acoustic,"Mellow coffee shop pop, acoustic elements + subtle electronics, warm intimate vocals, sophisticated chord progressions, mature songwriting feel, easy listening, BPM: 95, Key: A Major",SRC003,https://github.com/naqashmunir21/awesome-suno-prompts,safe_cc0,exact_cc0,en,"coffee,pop,shop"
P0020,Art Pop Avant-Garde,experimental,"Experimental art pop, unconventional structure, glitchy electronic elements, ethereal vocals, unexpected production choices, artistic vision, not radio-friendly but critically acclaimed, BPM: Variable, Key: Atonal elements",SRC003,https://github.com/naqashmunir21/awesome-suno-prompts,safe_cc0,exact_cc0,en,"art,avant,garde,pop"
P0021,Hyperpop Chaotic Energy,electronic_edm,"Hyperpop maximalism, aggressive pitched vocals, glitchy production, bass-boosted chaos, overwhelming layers, intentionally abrasive, Gen Z internet culture, BPM: 170, Key: Chromatic chaos",SRC003,https://github.com/naqashmunir21/awesome-suno-prompts,safe_cc0,exact_cc0,en,"chaotic,energy,hyperpop"
P0022,Epic Arena Anthem,rock_and_punk,"Power rock anthem, soaring stadium vocals, massive guitar wall of sound, thunderous drum fills, crowd-chant worthy chorus, anthem hooks, crunchy distorted rhythm guitars, searing lead guitar solo, BPM: 140, Key: E Major, radio-ready polish with arena reverb",SRC003,https://github.com/naqashmunir21/awesome-suno-prompts,safe_cc0,exact_cc0,en,"anthem,arena,epic"
P0023,Power Ballad Rock,rock_and_punk,"Emotional power ballad, starts intimate with clean electric guitar, builds to explosive distorted chorus, raw powerful vocals, orchestral strings in bridge, epic guitar solo at 2:30, lighter-waving atmosphere, BPM: 76, Key: G Major",SRC003,https://github.com/naqashmunir21/awesome-suno-prompts,safe_cc0,exact_cc0,en,"ballad,power,rock"
P0024,Victory Rock Anthem,rock_and_punk,"Triumphant rock, driving 4/4 beat, palm-muted power chords, anthemic whoa-oh backing vocals, inspirational chord progressions, double-tracked guitars, stadium reverb, uplifting energy, BPM: 145, Key: C Major",SRC003,https://github.com/naqashmunir21/awesome-suno-prompts,safe_cc0,exact_cc0,en,"anthem,rock,victory"
P0025,90s Grunge Sound,rock_and_punk,"Raw grunge vocals, sludgy distorted guitar, heavy drop-D tuning, dynamic quiet-LOUD-quiet structure, angsty energy, loose drumming, vintage analog distortion, feedback between sections, BPM: 118, Key: D Drop-D",SRC003,https://github.com/naqashmunir21/awesome-suno-prompts,safe_cc0,exact_cc0,en,"90s,grunge,sound"
P0026,Alternative Rock Edge,rock_and_punk,"Crunchy alt-rock, jangly clean verses with distorted choruses, melodic yet aggressive vocals, off-kilter rhythms, effects-laden guitars, textured layers, modern alternative production, BPM: 135, Key: A Minor",SRC003,https://github.com/naqashmunir21/awesome-suno-prompts,safe_cc0,exact_cc0,en,"alternative,edge,rock"
P0027,Grunge Ballad,rock_and_punk,"Melancholic grunge ballad, whispered verses building to screaming chorus, clean-tone arpeggios verses, walls of distortion on chorus, raw emotional delivery, tape saturation warmth, BPM: 82, Key: E Minor",SRC003,https://github.com/naqashmunir21/awesome-suno-prompts,safe_cc0,exact_cc0,en,"ballad,grunge"
P0028,70s Classic Rock,rock_and_punk,"Vintage 70s rock, bluesy guitar riffs, Hammond organ layers, groovy bass lines, powerful raspy vocals, analog tape warmth, vintage tube amp distortion, extended guitar solo, BPM: 128, Key: A Major",SRC003,https://github.com/naqashmunir21/awesome-suno-prompts,safe_cc0,exact_cc0,en,"70s,classic,rock"
P0029,Southern Rock Groove,rock_and_punk,"Southern rock swagger, dual lead guitars, slide guitar licks, driving boogie rhythm, bluesy raspy vocals, vintage amp crunch, Hammond B3 organ, extended jam section, BPM: 122, Key: E Major",SRC003,https://github.com/naqashmunir21/awesome-suno-prompts,safe_cc0,exact_cc0,en,"groove,rock,southern"
P0030,80s Arena Rock,rock_and_punk,"80s power rock, massive reverb on drums, soaring hair metal vocals, shredding guitar solos, synth layers, stadium production, power ballad structure, epic key change finale, BPM: 136, Key: D Major → E Major",SRC003,https://github.com/naqashmunir21/awesome-suno-prompts,safe_cc0,exact_cc0,en,"80s,arena,rock"
P0031,Heavy Metal Power,metal,"Heavy metal aggression, rapid double-kick drums, palm-muted power chords, shredding guitar solos, operatic or growling vocals, chugging low-end riffs, blast beats, technical precision, BPM: 180, Key: E Minor",SRC003,https://github.com/naqashmunir21/awesome-suno-prompts,safe_cc0,exact_cc0,en,"heavy,metal,power"
P0032,Doom Metal Darkness,metal,"Doom metal, slow crushing riffs, down-tuned guitars, monolithic bass tone, thunderous drums, dark atmospheric vocals, feedback drones, sludgy distortion, oppressive heaviness, BPM: 65, Key: C Drop-C",SRC003,https://github.com/naqashmunir21/awesome-suno-prompts,safe_cc0,exact_cc0,en,"darkness,doom,metal"
P0033,Thrash Metal Speed,metal,"Thrash metal fury, blistering tempos, aggressive riffing, rapid-fire double bass, shredded vocals, chaotic energy, palm-muted galloping rhythms, shredding solos, BPM: 200, Key: E Minor",SRC003,https://github.com/naqashmunir21/awesome-suno-prompts,safe_cc0,exact_cc0,en,"metal,speed,thrash"
P0034,Classic Punk Attitude,rock_and_punk,"Fast punk rock, three-chord power, raw shouted vocals, breakneck tempo, simple but effective, garage recording aesthetic, rebellious energy, anti-establishment vibe, BPM: 180, Key: A Major",SRC003,https://github.com/naqashmunir21/awesome-suno-prompts,safe_cc0,exact_cc0,en,"attitude,classic,punk"
P0035,Pop-Punk Energy,rock_and_punk,"Pop-punk, catchy power-chord progressions, upbeat tempos, anthemic gang vocals on chorus, polished punk production, melodic vocal hooks, radio-friendly punk sound, BPM: 165, Key: D Major",SRC003,https://github.com/naqashmunir21/awesome-suno-prompts,safe_cc0,exact_cc0,en,"energy,pop,punk"
P0036,Post-Punk Darkness,rock_and_punk,"Post-punk atmosphere, angular guitar riffs, driving bass lines, detached monotone vocals, reverb-drenched production, dark atmospheric mood, minimalist drums, BPM: 128, Key: D Minor",SRC003,https://github.com/naqashmunir21/awesome-suno-prompts,safe_cc0,exact_cc0,en,"darkness,post,punk"
P0037,Indie Rock Jangle,rock_and_punk,"Jangly indie rock, clean Rickenbacker-style guitar tone, melodic bass lines, crisp drums, warm intimate vocals, lo-fi charm with modern clarity, authentic bedroom-pop energy, BPM: 138, Key: G Major",SRC003,https://github.com/naqashmunir21/awesome-suno-prompts,safe_cc0,exact_cc0,en,"indie,jangle,rock"
P0038,Garage Rock Revival,rock_and_punk,"Garage rock rawness, fuzzy vintage amps, simple chord progressions, energetic sloppy drums, distorted shouted vocals, DIY recording aesthetic, BPM: 155, Key: E Major",SRC003,https://github.com/naqashmunir21/awesome-suno-prompts,safe_cc0,exact_cc0,en,"garage,revival,rock"
P0039,Math Rock Complexity,rock_and_punk,"Math rock intricacy, odd time signatures (7/8, 5/4), tapping guitar techniques, angular riffs, intricate drumming, clean-tone complexity, instrumental focus, BPM: Variable, Key: F# Minor",SRC003,https://github.com/naqashmunir21/awesome-suno-prompts,safe_cc0,exact_cc0,en,"complexity,math,rock"
P0040,Big Room House Anthem,electronic_edm,"Festival big room house, massive riser build-up, explosive drop, supersaws layered thick, sidechain compression pumping, euphoric lead melody, crowd-chant ready, stadium energy, BPM: 128, Key: C Minor",SRC003,https://github.com/naqashmunir21/awesome-suno-prompts,safe_cc0,exact_cc0,en,"anthem,big,house,room"
P0041,Mainstage EDM Drop,electronic_edm,"Mainstage EDM, vocal chops buildup, white noise riser crescendo, synth pluck melody, heavy kickdrum, festival-ready production, anthemic hook, laser sound effects, radio-EDM polish, BPM: 130, Key: G Major",SRC003,https://github.com/naqashmunir21/awesome-suno-prompts,safe_cc0,exact_cc0,en,"drop,edm,mainstage"
P0042,Festival Trap Hybrid,electronic_edm,"Festival trap-EDM fusion, hybrid trap drums, dubstep-influenced bass, cinematic build-ups, aggressive horn stabs, festival anthem energy, massive bass drops, crowd hyping sections, BPM: 140 (half-time feel), Key: D Minor",SRC003,https://github.com/naqashmunir21/awesome-suno-prompts,safe_cc0,exact_cc0,en,"festival,hybrid,trap"
P0043,Melodic Progressive Journey,electronic_edm,"Progressive house, evolving arpeggiated synths, emotional chord progressions, driving bassline, crisp hi-hats, atmospheric pads building gradually, euphoric breakdown at 2:00, uplifting energy, radio-friendly, BPM: 126, Key: A Minor",SRC003,https://github.com/naqashmunir21/awesome-suno-prompts,safe_cc0,exact_cc0,en,"journey,melodic,progressive"
P0044,Deep Progressive Groove,electronic_edm,"Deep progressive house, hypnotic bassline groove, subtle chord stabs, organic percussion layers, warm analog synths, minimal vocal chops, sophisticated club sound, underground vibe, BPM: 122, Key: F Minor",SRC003,https://github.com/naqashmunir21/awesome-suno-prompts,safe_cc0,exact_cc0,en,"deep,groove,progressive"
P0045,Progressive Trance,electronic_edm,"Progressive trance, uplifting arpeggios, emotional breakdown, soaring lead synth, driving kick and bass, euphoric energy, orchestral elements in breakdown, epic build and release, BPM: 138, Key: E Major",SRC003,https://github.com/naqashmunir21/awesome-suno-prompts,safe_cc0,exact_cc0,en,"progressive,trance"
P0046,Heavy Dubstep Drop,electronic_edm,"Heavy dubstep, aggressive wobble bass, half-time drums (70 BPM feel), distorted mid-range frequencies, metallic sound design, chaotic drop sections, sub-bass earthquake, dark atmosphere, BPM: 140 (half-time), Key: G Minor",SRC003,https://github.com/naqashmunir21/awesome-suno-prompts,safe_cc0,exact_cc0,en,"drop,dubstep,heavy"
P0047,Melodic Dubstep,electronic_edm,"Melodic dubstep, emotional chord progressions, female vocal feature, beautiful breakdown, powerful but musical drop, super saw chords, emotional + aggressive balance, color bass techniques, BPM: 140 (half-time), Key: D Major",SRC003,https://github.com/naqashmunir21/awesome-suno-prompts,safe_cc0,exact_cc0,en,"dubstep,melodic"
P0048,Drum and Bass Energy,electronic_edm,"Drum and bass, rapid breakbeat (160-180 BPM), rolling bassline, amen break influences, jungle vibes, liquid DnB melodic elements, atmospheric pads, high-energy tempo, BPM: 174, Key: A Minor",SRC003,https://github.com/naqashmunir21/awesome-suno-prompts,safe_cc0,exact_cc0,en,"and,bass,drum,energy"
P0049,Uplifting Trance Anthem,electronic_edm,"Uplifting trance, soaring lead synth melody, euphoric breakdown, driving 4/4 kick, rolling bassline, orchestral elements, emotional piano in breakdown, epic buildup and release, BPM: 138, Key: F# Minor → F# Major",SRC003,https://github.com/naqashmunir21/awesome-suno-prompts,safe_cc0,exact_cc0,en,"anthem,trance,uplifting"
P0050,Psy-Trance Journey,electronic_edm,"Psychedelic trance, hypnotic bassline, triplet hi-hats, evolving acid synth leads, minimal breaks, continuous driving energy, tribal percussion layers, festival sunrise vibe, BPM: 145, Key: E Minor",SRC003,https://github.com/naqashmunir21/awesome-suno-prompts,safe_cc0,exact_cc0,en,"journey,psy,trance"
P0051,Progressive Trance Anjuna Style,electronic_edm,"Progressive trance, lush pad layers, emotional chord progressions, crisp production, vocal trance elements, sophisticated arrangement, radio-friendly breakdown, BPM: 132, Key: C# Minor",SRC003,https://github.com/naqashmunir21/awesome-suno-prompts,safe_cc0,exact_cc0,en,"anjuna,progressive,style,trance"
P0052,Peak-Time Techno,electronic_edm,"Peak-time techno, driving 4/4 kick, industrial sound design, hypnotic acid bassline, minimal melodic elements, relentless energy, warehouse rave atmosphere, Berlin techno vibe, BPM: 132, Key: G Minor",SRC003,https://github.com/naqashmunir21/awesome-suno-prompts,safe_cc0,exact_cc0,en,"peak,techno,time"
P0053,Melodic Techno,electronic_edm,"Melodic techno, driving kick with emotional chord progressions, atmospheric pads, cinematic elements, sophisticated production, underground meets emotional, modern club vibe, BPM: 124, Key: A Minor",SRC003,https://github.com/naqashmunir21/awesome-suno-prompts,safe_cc0,exact_cc0,en,"melodic,techno"
P0054,Industrial Techno,electronic_edm,"Industrial techno, distorted percussion, metallic sound design, aggressive atmosphere, minimal melodic content, raw warehouse energy, relentless pounding rhythm, dark underground vibe, BPM: 140, Key: D Minor",SRC003,https://github.com/naqashmunir21/awesome-suno-prompts,safe_cc0,exact_cc0,en,"industrial,techno"
P0055,Emotional Future Bass,electronic_edm,"Future bass, emotional chord progressions, vocal chops prominent, supersaws on drop, sidechain compression, colorful sound design, bright uplifting energy, modern pop-EDM crossover, BPM: 150, Key: E Major",SRC003,https://github.com/naqashmunir21/awesome-suno-prompts,safe_cc0,exact_cc0,en,"bass,emotional,future"
P0056,Chill Future Bass,electronic_edm,"Chill future bass, lo-fi influenced, warm analog synths, laid-back drums, atmospheric vocals, relaxed tempo, study/work music vibe, emotional but not aggressive, BPM: 140, Key: G Major",SRC003,https://github.com/naqashmunir21/awesome-suno-prompts,safe_cc0,exact_cc0,en,"bass,chill,future"
P0057,J-Pop Anime Opening,japanese_asian,"J-pop / anime opening, bright lead melody, driving rock drums, layered synth strings, emotional youthful vocals, big pre-chorus lift, explosive chorus hook, polished Japanese pop production, BPM: 154, Key: E Major",RESEARCH_NORMALIZED,generated_from_research_sources,original_normalized_seed,research_normalized,en,"anime,j,opening,pop"
P0058,City Pop Night Drive,japanese_asian,"city pop, smooth bassline, clean electric guitar, Rhodes piano, 80s Japanese funk influence, airy female vocals, glossy but warm mix, nostalgic night-drive atmosphere, BPM: 106, Key: A Major",RESEARCH_NORMALIZED,generated_from_research_sources,original_normalized_seed,research_normalized,en,"city,drive,night,pop"
P0059,Modern Enka Drama,japanese_asian,"Japanese enka, emotional vibrato vocals, shamisen and koto accents, cinematic strings, slow dramatic tempo, traditional melodic turns, heartfelt storytelling, BPM: 72, Key: D Minor",RESEARCH_NORMALIZED,generated_from_research_sources,original_normalized_seed,research_normalized,en,"drama,enka,modern"
P0060,Vocaloid Hyperpop,japanese_asian,"vocaloid-style synthetic vocals, hyperpop energy, glitch edits, bright arpeggios, fast kick pattern, playful chaos, anime internet culture feel, BPM: 168, Key: F# Minor",RESEARCH_NORMALIZED,generated_from_research_sources,original_normalized_seed,research_normalized,en,"hyperpop,vocaloid"
P0061,Shibuya-kei Lounge Pop,japanese_asian,"Shibuya-kei inspired lounge pop, bossa nova guitar, jazzy chords, playful brass, whispery vocals, retro Tokyo boutique atmosphere, BPM: 118, Key: B♭ Major",RESEARCH_NORMALIZED,generated_from_research_sources,original_normalized_seed,research_normalized,en,"kei,lounge,pop,shibuya"
P0062,Wa-Rock Festival,japanese_asian,"Japanese rock with taiko drums, shamisen riffs, distorted guitars, festival chants, energetic male and female vocals, dramatic build into huge chorus, BPM: 148, Key: A Minor",RESEARCH_NORMALIZED,generated_from_research_sources,original_normalized_seed,research_normalized,en,"festival,rock,wa"
P0063,Kawaii Future Pop,japanese_asian,"kawaii future pop, sparkling synth bells, cute vocal tone, bouncy rhythm, colorful sound design, playful chorus hooks, compressed glossy mix, BPM: 132, Key: C Major",RESEARCH_NORMALIZED,generated_from_research_sources,original_normalized_seed,research_normalized,en,"future,kawaii,pop"
P0064,Lo-fi Study Beat,ambient_chill,"lo-fi hip hop, soft piano chords, vinyl texture, dusty drums, warm tape saturation, rain ambience, no vocals, calm study music, BPM: 75, Key: F Major",RESEARCH_NORMALIZED,generated_from_research_sources,original_normalized_seed,research_normalized,en,"beat,fi,lo,study"
P0065,Ambient Sleep Drone,ambient_chill,"dark-but-gentle ambient drone, slow evolving pads, sub-bass hum, no drums, no vocals, long reverb tails, calming nighttime soundscape, BPM: none, Key: D Minor",RESEARCH_NORMALIZED,generated_from_research_sources,original_normalized_seed,research_normalized,en,"ambient,drone,sleep"
P0066,Meditation Bowls,ambient_chill,"meditation music, Tibetan singing bowls, soft drones, ocean ambience, slow breathing rhythm, no percussion, no vocals, peaceful spacious mix, BPM: 60, Key: C Major",RESEARCH_NORMALIZED,generated_from_research_sources,original_normalized_seed,research_normalized,en,"bowls,meditation"
P0067,Spa Piano Water,ambient_chill,"spa music, gentle felt piano, soft water sounds, airy pads, minimal arrangement, warm peaceful tone, no vocals, slow tempo, BPM: 64, Key: G Major",RESEARCH_NORMALIZED,generated_from_research_sources,original_normalized_seed,research_normalized,en,"piano,spa,water"
P0068,Cinematic Ambient Score,ambient_chill,"cinematic ambient score, evolving string pads, soft piano motifs, low brass swells, emotional restraint, wide reverb, gradual crescendo into hopeful ending, BPM: 70, Key: E Minor",RESEARCH_NORMALIZED,generated_from_research_sources,original_normalized_seed,research_normalized,en,"ambient,cinematic,score"
P0069,Epic Trailer Hybrid,cinematic_orchestral,"epic trailer music, hybrid orchestra, huge taiko-style drums, brass stabs, choir layers, rising tension, massive final impact, cinematic mix, BPM: 120, Key: D Minor",RESEARCH_NORMALIZED,generated_from_research_sources,original_normalized_seed,research_normalized,en,"epic,hybrid,trailer"
P0070,Fantasy Adventure Score,cinematic_orchestral,"fantasy orchestral score, flute and harp motifs, sweeping strings, warm French horn melody, magical wonder, adventurous but gentle, BPM: 96, Key: G Major",RESEARCH_NORMALIZED,generated_from_research_sources,original_normalized_seed,research_normalized,en,"adventure,fantasy,score"
P0071,Piano Solo Minimal,cinematic_orchestral,"solo piano, intimate felt hammers, sparse emotional melody, rubato timing, soft dynamics, cinematic melancholy, no vocals, BPM: 66, Key: A Minor",RESEARCH_NORMALIZED,generated_from_research_sources,original_normalized_seed,research_normalized,en,"minimal,piano,solo"
P0072,Baroque Chamber Pop,cinematic_orchestral,"baroque pop, harpsichord ostinato, chamber strings, elegant counterpoint, modern soft vocals, ornate but catchy chorus, BPM: 112, Key: D Major",RESEARCH_NORMALIZED,generated_from_research_sources,original_normalized_seed,research_normalized,en,"baroque,chamber,pop"
P0073,Anime Emotional Score,cinematic_orchestral,"anime emotional score, piano and strings, rising orchestral swell, bittersweet melody, cinematic percussion, dramatic climax, BPM: 86, Key: E♭ Major",RESEARCH_NORMALIZED,generated_from_research_sources,original_normalized_seed,research_normalized,en,"anime,emotional,score"
P0074,Afrobeats Pop,afro_caribbean,"afrobeats pop, log drum groove, warm percussion, bright guitar accents, smooth melodic vocals, uplifting party energy, modern polished mix, BPM: 104, Key: B Minor",RESEARCH_NORMALIZED,generated_from_research_sources,original_normalized_seed,research_normalized,en,"afrobeats,pop"
P0075,Amapiano Night Groove,afro_caribbean,"amapiano, deep log drum bass, airy pads, syncopated percussion, smooth vocal chants, late-night South African club groove, BPM: 112, Key: F Minor",RESEARCH_NORMALIZED,generated_from_research_sources,original_normalized_seed,research_normalized,en,"amapiano,groove,night"
P0076,Reggae Roots,afro_caribbean,"roots reggae, offbeat guitar skank, warm organ bubble, laid-back drums, soulful vocals, social message mood, analog tape warmth, BPM: 78, Key: A Major",RESEARCH_NORMALIZED,generated_from_research_sources,original_normalized_seed,research_normalized,en,"reggae,roots"
P0077,Dancehall Energy,afro_caribbean,"dancehall riddim, energetic drums, deep sub-bass, sharp vocal chants, Jamaican party feel, sparse but punchy production, BPM: 96, Key: G Minor",RESEARCH_NORMALIZED,generated_from_research_sources,original_normalized_seed,research_normalized,en,"dancehall,energy"
P0078,Calypso Sunshine,afro_caribbean,"calypso, steel drums, tropical percussion, cheerful vocal melody, Caribbean beach atmosphere, bright major key, upbeat dance feel, BPM: 116, Key: C Major",RESEARCH_NORMALIZED,generated_from_research_sources,original_normalized_seed,research_normalized,en,"calypso,sunshine"
P0079,Salsa Big Band,latin,"salsa, piano montuno, congas, timbales, brass section hits, passionate Spanish vocals, high-energy dance arrangement, BPM: 180, Key: C Minor",RESEARCH_NORMALIZED,generated_from_research_sources,original_normalized_seed,research_normalized,en,"band,big,salsa"
P0080,Bossa Nova Cafe,latin,"bossa nova, nylon guitar, soft brushed drums, gentle upright bass, intimate warm vocals, relaxed cafe atmosphere, BPM: 92, Key: F Major",RESEARCH_NORMALIZED,generated_from_research_sources,original_normalized_seed,research_normalized,en,"bossa,cafe,nova"
P0081,Bachata Romance,latin,"bachata, romantic requinto guitar, sensual percussion, smooth Latin vocals, warm bass, intimate dance-floor mood, BPM: 126, Key: B Minor",RESEARCH_NORMALIZED,generated_from_research_sources,original_normalized_seed,research_normalized,en,"bachata,romance"
P0082,Tango Noir,latin,"Argentine tango, dramatic bandoneon, staccato strings, upright bass, passionate melody, noir cinematic tension, BPM: 120, Key: D Minor",RESEARCH_NORMALIZED,generated_from_research_sources,original_normalized_seed,research_normalized,en,"noir,tango"
P0083,Mariachi Celebration,latin,"mariachi, trumpets, violins, guitarrón, bright celebratory vocals, traditional Mexican energy, proud melodic hooks, BPM: 112, Key: G Major",RESEARCH_NORMALIZED,generated_from_research_sources,original_normalized_seed,research_normalized,en,"celebration,mariachi"
P0084,Neo Soul Groove,rnb_soul_gospel,"neo soul, jazz chords, Rhodes piano, pocket drums, warm bass, smooth intimate vocals, subtle gospel harmonies, organic modern mix, BPM: 82, Key: E♭ Minor",RESEARCH_NORMALIZED,generated_from_research_sources,original_normalized_seed,research_normalized,en,"groove,neo,soul"
P0085,90s R&B Slow Jam,rnb_soul_gospel,"90s R&B slow jam, lush electric piano, deep bass, smooth male vocal harmonies, sensual groove, slow swing drums, polished analog warmth, BPM: 68, Key: D♭ Major",RESEARCH_NORMALIZED,generated_from_research_sources,original_normalized_seed,research_normalized,en,"90s,b,jam,r,slow"
P0086,Gospel Choir Uplift,rnb_soul_gospel,"gospel, full choir, Hammond organ, handclaps, powerful lead vocals, call and response, uplifting crescendo, live church energy, BPM: 92, Key: B♭ Major",RESEARCH_NORMALIZED,generated_from_research_sources,original_normalized_seed,research_normalized,en,"choir,gospel,uplift"
P0087,Funk Slap Bass,funk_disco,"funk, slap bass, tight drums, wah guitar, horn stabs, energetic group vocals, syncopated groove, dry punchy mix, BPM: 108, Key: E Minor",RESEARCH_NORMALIZED,generated_from_research_sources,original_normalized_seed,research_normalized,en,"bass,funk,slap"
P0088,Disco Strings,funk_disco,"disco, four-on-the-floor kick, string stabs, funky bassline, Nile-style rhythm guitar, bright party vocals, glittering 70s dance floor, BPM: 122, Key: A Major",RESEARCH_NORMALIZED,generated_from_research_sources,original_normalized_seed,research_normalized,en,"disco,strings"
P0089,French House Filter,funk_disco,"French house, filtered disco sample feel, sidechain pumping, funky bass loop, glossy synth stabs, euphoric club energy, BPM: 124, Key: C# Minor",RESEARCH_NORMALIZED,generated_from_research_sources,original_normalized_seed,research_normalized,en,"filter,french,house"
P0090,Smooth Jazz Lounge,jazz_blues,"smooth jazz lounge, brushed drums, upright bass, warm saxophone lead, piano comping, intimate club ambience, mellow refined mix, BPM: 92, Key: B♭ Major",RESEARCH_NORMALIZED,generated_from_research_sources,original_normalized_seed,research_normalized,en,"jazz,lounge,smooth"
P0091,Bebop Quintet,jazz_blues,"bebop jazz, fast ride cymbal swing, walking bass, trumpet and alto sax solos, complex chord changes, energetic improvisation, BPM: 190, Key: F Major",RESEARCH_NORMALIZED,generated_from_research_sources,original_normalized_seed,research_normalized,en,"bebop,quintet"
P0092,Jazz Fusion Drive,jazz_blues,"jazz fusion, electric piano, fretless bass, syncopated drums, melodic guitar lead, complex harmony, energetic 70s studio sound, BPM: 132, Key: A Minor",RESEARCH_NORMALIZED,generated_from_research_sources,original_normalized_seed,research_normalized,en,"drive,fusion,jazz"
P0093,Chicago Blues Grit,jazz_blues,"Chicago blues, 12-bar progression, slide guitar, harmonica, raw vocals, walking bass, vintage amp warmth, emotional bends, BPM: 80, Key: E Blues",RESEARCH_NORMALIZED,generated_from_research_sources,original_normalized_seed,research_normalized,en,"blues,chicago,grit"
P0094,Delta Blues Solo,jazz_blues,"Delta blues, fingerpicked acoustic guitar, foot stomp, raw weathered vocals, intimate field-recording atmosphere, sparse arrangement, BPM: 74, Key: A Blues",RESEARCH_NORMALIZED,generated_from_research_sources,original_normalized_seed,research_normalized,en,"blues,delta,solo"
P0095,Bluegrass Sprint,country_americana,"bluegrass, fast banjo rolls, fiddle leads, mandolin chop, upright bass, tight vocal harmonies, virtuosic acoustic energy, BPM: 160, Key: G Major",RESEARCH_NORMALIZED,generated_from_research_sources,original_normalized_seed,research_normalized,en,"bluegrass,sprint"
P0096,Americana Storytelling,country_americana,"Americana, acoustic guitar, harmonica, rootsy drums, warm storytelling vocals, road-worn atmosphere, honest organic production, BPM: 92, Key: D Major",RESEARCH_NORMALIZED,generated_from_research_sources,original_normalized_seed,research_normalized,en,"americana,storytelling"
P0097,Honky Tonk Barroom,country_americana,"honky tonk, twangy electric guitar, barroom piano, shuffle drums, pedal steel, playful country vocals, dance-hall energy, BPM: 116, Key: A Major",RESEARCH_NORMALIZED,generated_from_research_sources,original_normalized_seed,research_normalized,en,"barroom,honky,tonk"
P0098,Country Gospel Hymn,country_americana,"country gospel, acoustic guitar, pedal steel, choir harmonies, uplifting hymn melody, warm church hall ambience, BPM: 84, Key: C Major",RESEARCH_NORMALIZED,generated_from_research_sources,original_normalized_seed,research_normalized,en,"country,gospel,hymn"
P0099,Modern Drill,hip_hop_rap,"UK drill, sliding 808 bass, dark piano loop, fast hi-hats, clipped aggressive flow, cold street atmosphere, sparse menacing mix, BPM: 140, Key: F Minor",RESEARCH_NORMALIZED,generated_from_research_sources,original_normalized_seed,research_normalized,en,"drill,modern"
P0100,Memphis Phonk,hip_hop_rap,"Memphis phonk, distorted cowbell melody, heavy sub-bass, gritty lo-fi drums, dark chopped vocal textures, aggressive drift energy, BPM: 150, Key: G Minor",RESEARCH_NORMALIZED,generated_from_research_sources,original_normalized_seed,research_normalized,en,"memphis,phonk"
P0101,Cloud Rap Haze,hip_hop_rap,"cloud rap, dreamy pads, reverb-heavy melodic vocals, soft 808s, hazy atmosphere, slow floating beat, introspective mood, BPM: 72, Key: A Minor",RESEARCH_NORMALIZED,generated_from_research_sources,original_normalized_seed,research_normalized,en,"cloud,haze,rap"
P0102,Conscious Jazz Rap,hip_hop_rap,"conscious hip hop, jazzy piano sample, upright bass, dusty boom bap drums, thoughtful lyrical flow, warm analog texture, BPM: 88, Key: E♭ Major",RESEARCH_NORMALIZED,generated_from_research_sources,original_normalized_seed,research_normalized,en,"conscious,jazz,rap"
P0103,Trip-Hop Noir,hip_hop_rap,"trip-hop, slow breakbeat, cinematic strings, smoky female vocal, dark bass, vinyl texture, noir atmosphere, BPM: 78, Key: C Minor",RESEARCH_NORMALIZED,generated_from_research_sources,original_normalized_seed,research_normalized,en,"hop,noir,trip"
P0104,Industrial EBM,electronic_edm,"industrial EBM, pounding kick, metallic percussion, distorted synth bass, cold spoken vocals, dark club atmosphere, BPM: 128, Key: D Minor",RESEARCH_NORMALIZED,generated_from_research_sources,original_normalized_seed,research_normalized,en,"ebm,industrial"
P0105,Minimal Tech House,electronic_edm,"minimal tech house, rolling bass groove, tight 4/4 kick, sparse vocal chops, crisp percussion, hypnotic club mix, BPM: 126, Key: F Minor",RESEARCH_NORMALIZED,generated_from_research_sources,original_normalized_seed,research_normalized,en,"house,minimal,tech"
P0106,Tropical House Sunset,electronic_edm,"tropical house, soft marimba plucks, beach percussion, warm pads, relaxed pop vocal hook, sunset summer mood, BPM: 112, Key: C Major",RESEARCH_NORMALIZED,generated_from_research_sources,original_normalized_seed,research_normalized,en,"house,sunset,tropical"
P0107,Hardstyle Rave,electronic_edm,"hardstyle, distorted reverse bass kick, euphoric synth melody, huge build-up, raw festival energy, shouted crowd vocals, BPM: 150, Key: E Minor",RESEARCH_NORMALIZED,generated_from_research_sources,original_normalized_seed,research_normalized,en,"hardstyle,rave"
P0108,Chiptune Adventure,game_chiptune,"chiptune, 8-bit square wave lead, arpeggiated bass, retro game drums, heroic melody, loopable stage music, BPM: 140, Key: C Major",RESEARCH_NORMALIZED,generated_from_research_sources,original_normalized_seed,research_normalized,en,"adventure,chiptune"
P0109,JRPG Battle Theme,game_chiptune,"JRPG battle theme, fast orchestral strings, electric guitar accents, driving drums, heroic brass, intense loopable structure, BPM: 170, Key: D Minor",RESEARCH_NORMALIZED,generated_from_research_sources,original_normalized_seed,research_normalized,en,"battle,jrpg,theme"
P0110,Cozy Farming Game BGM,game_chiptune,"cozy game BGM, ukulele, celesta, soft percussion, warm acoustic bass, cheerful loop, no vocals, gentle village atmosphere, BPM: 96, Key: G Major",RESEARCH_NORMALIZED,generated_from_research_sources,original_normalized_seed,research_normalized,en,"bgm,cozy,farming,game"
P0111,Cyberpunk Chase,game_chiptune,"cyberpunk action music, aggressive synth bass, industrial drums, arpeggiated sequences, dark neon atmosphere, cinematic tension, BPM: 132, Key: F# Minor",RESEARCH_NORMALIZED,generated_from_research_sources,original_normalized_seed,research_normalized,en,"chase,cyberpunk"
P0112,Experimental Glitch Collage,experimental,"experimental glitch music, chopped micro-samples, irregular rhythms, granular textures, sudden silences, abstract electronic atmosphere, BPM: variable, Key: atonal",RESEARCH_NORMALIZED,generated_from_research_sources,original_normalized_seed,research_normalized,en,"collage,experimental,glitch"
P0113,Noise Rock Collapse,experimental,"noise rock, detuned guitars, chaotic drums, shouted vocals, feedback walls, abrasive production, unstable structure, BPM: 150, Key: dissonant",RESEARCH_NORMALIZED,generated_from_research_sources,original_normalized_seed,research_normalized,en,"collapse,noise,rock"
P0114,Post-Rock Slow Build,rock_and_punk,"post-rock, clean guitar delay, gradual crescendo, wordless vocals, massive reverb drums, emotional instrumental climax, BPM: 80, Key: A Minor",RESEARCH_NORMALIZED,generated_from_research_sources,original_normalized_seed,research_normalized,en,"build,post,rock,slow"
P0115,Shoegaze Wall,rock_and_punk,"shoegaze, dense guitar wall, dreamy buried vocals, heavy reverb, fuzz layers, slow emotional melody, hazy mix, BPM: 96, Key: D Major",RESEARCH_NORMALIZED,generated_from_research_sources,original_normalized_seed,research_normalized,en,"shoegaze,wall"
P0116,Ska Punk Brass Blast,rock_and_punk,"ska punk, fast upstroke guitar, punchy brass hooks, energetic shout vocals, walking bass, upbeat rebellious party mood, BPM: 170, Key: B♭ Major",RESEARCH_NORMALIZED,generated_from_research_sources,original_normalized_seed,research_normalized,en,"blast,brass,punk,ska"
P0117,Celtic Punk Tavern,rock_and_punk,"celtic punk, fiddle and tin whistle, fast drums, distorted guitars, gang vocals, rowdy pub energy, BPM: 176, Key: D Major",RESEARCH_NORMALIZED,generated_from_research_sources,original_normalized_seed,research_normalized,en,"celtic,punk,tavern"
